Collection,PatientID,PatientName,PatientSex,StudyInstanceUID,StudyDate,StudyDescription,PatientAge,SeriesCount
Pediatric-CT-SEG,Pediatric-CT-SEG-CAB73EEC,Pediatric-CT-SEG-CAB73EEC,M,1.3.6.1.4.1.14519.5.2.1.102900685129463062677791839478492445110,2005-03-02,CT,001Y,2
Pediatric-CT-SEG,Pediatric-CT-SEG-272B6C5D,Pediatric-CT-SEG-272B6C5D,M,1.3.6.1.4.1.14519.5.2.1.61250703550088105612878990834140195334,2008-06-02,CT,003Y,2
Pediatric-CT-SEG,Pediatric-CT-SEG-14403912,Pediatric-CT-SEG-14403912,F,1.3.6.1.4.1.14519.5.2.1.170877469026658455159934910202796096497,2004-01-03,CT,001Y,2
Pediatric-CT-SEG,Pediatric-CT-SEG-34ECBB32,Pediatric-CT-SEG-34ECBB32,F,1.3.6.1.4.1.14519.5.2.1.9109477239766896667905901759949693631,2009-09-28,CT,002Y,2
