SeriesInstanceUID,StudyInstanceUID,Modality,SeriesDate,SeriesDescription,BodyPartExamined,SeriesNumber,Collection,Manufacturer,ManufacturerModelName,SoftwareVersions,Visibility,ImageCount,PatientID,PatientName,PatientSex,StudyDate,StudyDescription,PatientAge,SeriesCount
1.3.6.1.4.1.14519.5.2.1.160098151550784443282129329572672487102,1.3.6.1.4.1.14519.5.2.1.9109477239766896667905901759949693631,CT,2009-09-28,CT,ABDOMEN,30144.000000,Pediatric-CT-SEG,GE MEDICAL SYSTEMS,Revolution CT,revo_ct_21a.33,1,147,Pediatric-CT-SEG-34ECBB32,Pediatric-CT-SEG-34ECBB32,F,2009-09-28,CT,002Y,2
1.3.6.1.4.1.14519.5.2.1.161494771169616128771736064327557201788,1.3.6.1.4.1.14519.5.2.1.102900685129463062677791839478492445110,CT,2005-03-02,CT,,444.000000,Pediatric-CT-SEG,GE MEDICAL SYSTEMS,LightSpeed VCT,gmp_vct.42,1,150,Pediatric-CT-SEG-CAB73EEC,Pediatric-CT-SEG-CAB73EEC,M,2005-03-02,CT,001Y,2
1.3.6.1.4.1.14519.5.2.1.175594891989977819790310921126823896785,1.3.6.1.4.1.14519.5.2.1.102900685129463062677791839478492445110,RTSTRUCT,,RTSTRUCT,,2.000000,Pediatric-CT-SEG,Varian Medical Systems,ARIA RTM,4.2.7.0,1,1,Pediatric-CT-SEG-CAB73EEC,Pediatric-CT-SEG-CAB73EEC,M,2005-03-02,CT,001Y,2
1.3.6.1.4.1.14519.5.2.1.1.25927210562287345060498125954444953116,1.3.6.1.4.1.14519.5.2.1.9109477239766896667905901759949693631,RTSTRUCT,,,,2.000000,Pediatric-CT-SEG,Varian Medical Systems,ARIA RTM,4.2.7.0,1,1,Pediatric-CT-SEG-34ECBB32,Pediatric-CT-SEG-34ECBB32,F,2009-09-28,CT,002Y,2
1.3.6.1.4.1.14519.5.2.1.336975195064431029632182792210605161857,1.3.6.1.4.1.14519.5.2.1.61250703550088105612878990834140195334,CT,2008-06-02,CT,ABDOMEN,1444.000000,Pediatric-CT-SEG,SIEMENS,SOMATOM Definition AS+,syngo CT 2012B,1,211,Pediatric-CT-SEG-272B6C5D,Pediatric-CT-SEG-272B6C5D,M,2008-06-02,CT,003Y,2
1.3.6.1.4.1.14519.5.2.1.1.17305113025728199346750740188024809813,1.3.6.1.4.1.14519.5.2.1.61250703550088105612878990834140195334,RTSTRUCT,,,,2.000000,Pediatric-CT-SEG,Varian Medical Systems,ARIA RTM,4.2.7.0,1,1,Pediatric-CT-SEG-272B6C5D,Pediatric-CT-SEG-272B6C5D,M,2008-06-02,CT,003Y,2
1.3.6.1.4.1.14519.5.2.1.279094415817041517480681734164306182667,1.3.6.1.4.1.14519.5.2.1.170877469026658455159934910202796096497,CT,2004-01-03,CT,,4.000000,Pediatric-CT-SEG,GE MEDICAL SYSTEMS,LightSpeed VCT,gmp_vct.42,1,529,Pediatric-CT-SEG-14403912,Pediatric-CT-SEG-14403912,F,2004-01-03,CT,001Y,2
1.3.6.1.4.1.14519.5.2.1.317973557242148788107778945406776570285,1.3.6.1.4.1.14519.5.2.1.170877469026658455159934910202796096497,RTSTRUCT,,RTSTRUCT,,2.000000,Pediatric-CT-SEG,Varian Medical Systems,ARIA RTM,4.2.7.0,1,1,Pediatric-CT-SEG-14403912,Pediatric-CT-SEG-14403912,F,2004-01-03,CT,001Y,2
